,logFC,logCPM,LR,PValue,FDR
CLIC2,1.0129935205887,2.9016696157341,32.5383313603471,1.16864682849446e-08,0.000124367395488381
GIMAP7,1.15029028380002,1.99015190820767,27.6520897527554,1.45215102769247e-07,0.000772689561835163
GPD1,-0.501301186568493,7.58878469727513,22.6626437313775,1.93085445148122e-06,0.00684938435755438
DCBLD2,1.11428095238462,0.475085962426941,21.4248082657236,3.67979015893334e-06,0.00979008171784216
SPRED2,-0.578174659332968,2.29118602578819,19.10485111687,1.23729989998716e-05,0.0199155856588552
SLC37A1,0.99487503433861,4.39596433988094,19.0922945481775,1.24546720889925e-05,0.0199155856588552
SCARF1,1.00510414430449,0.753790215328022,18.9959097607351,1.30998965995101e-05,0.0199155856588552
RPS6KA2,0.869803853485673,1.32798562473358,18.7081421848673,1.52330639940793e-05,0.020263783378124
MTMR11,-1.07563037593901,3.76547409922332,16.8650773409427,4.01332405636469e-05,0.0474553273420367
ITLN1,0.865175985059607,0.611333552636032,16.507155307937,4.84668244932433e-05,0.0479035930347782
USP6NL,-0.572436210911325,3.32775859270534,16.4665859739257,4.95150839487465e-05,0.0479035930347782
VAMP5,1.52468063675766,5.13136686849627,16.2708644569585,5.49016759979683e-05,0.0486886363308649
RCBTB1,0.576073996847099,2.44135994214644,15.5556501244812,8.01118691956721e-05,0.0625747137057781
MMP14,1.34168151075343,3.34328367641507,15.5042565344122,8.23196759895596e-05,0.0625747137057781
ANGPTL6,0.865316510834905,0.553349825135275,15.0059104315221,0.000107174982155912,0.0760370773402143
CRIM1-DT,-0.780636455008335,1.57848622623782,14.5760704970402,0.000134613165849174,0.0895345819354318
CENPK,-0.855351160891414,1.36126181379455,14.1658108822843,0.000167384509054628,0.103541107124063
PSD3,0.598320264213296,4.61170377915013,14.0807108566166,0.0001751306078024,0.103541107124063
NT5C3B,-0.52868372574415,4.84088684233549,13.963707769368,0.000186373726786949,0.104388905287722
LIPA,1.20607503590234,7.83117197557418,13.8164368911968,0.000201565118805565,0.107252799716441
PLA2G4C,1.44953833281363,1.03390899907578,13.587636524851,0.000227680110705544,0.115379606577543
ITGA1,-2.36197500847768,0.998558047800421,13.3878693424995,0.000253256918285607,0.12250727838161
TRG-AS1,0.368444011438088,3.9620289426938,13.1011321834797,0.000295117363496557,0.136302896209911
RASGRP3,1.07130037694029,0.614710190567604,13.0248033131168,0.000307392361307824,0.136302896209911
ZDBF2,-1.18385633914662,0.465771711653313,12.8767131673209,0.000332696031065541,0.137846170291864
LILRB2,0.70123275084645,4.23862525512395,12.8538876410211,0.000336778841156593,0.137846170291864
FOLR2,0.514224967599882,2.90337255744299,12.775878741885,0.000351117637273799,0.138392366513621
PRELID2,-0.653187201386891,1.49537666511441,12.476896695111,0.000412016098865707,0.152170692848375
PHLDA1,-1.0013962463623,3.49569148787545,12.4648897147756,0.0004146730024998,0.152170692848375
PTPRE,-0.688440913971212,5.24357561621744,12.3921914857567,0.000431132961511377,0.152937232546803
CTSK,1.43945318666035,0.799960329754624,12.1948570274869,0.000479214485177358,0.164377450038402
ARHGEF5,-0.635059535370645,2.81591333800901,12.1345131192478,0.000494971893163604,0.164377450038402
DOCK8-AS1,-0.677964513531452,1.26182533185323,12.0797604373312,0.000509721466948624,0.164377450038402
DGAT2,-1.08275665709021,2.9097381152827,11.7891491314899,0.000595769590841951,0.186063140426601
FAM241A,0.44121981312821,3.67211736904204,11.7393169545807,0.00061193477870053,0.186063140426601
MRPS21,0.260555710625576,7.51765114744027,11.6315172091453,0.000648436415192108,0.186864943067367
TF,1.33011361939062,0.474663199379655,11.6279242499504,0.000649690179805728,0.186864943067367
ROBO3,-0.640192107355242,1.19193394319614,11.3450848560918,0.000756479129688945,0.211578798709845
CLSPN,-1.18846403146716,0.592631946542621,11.2992644101517,0.000775378044510804,0.211578798709845
NLN,0.516339350420966,3.45919008791147,11.1974686729918,0.0008190899251254,0.215514019991699
KIFC3,0.986913377539411,2.23946430750126,11.1333853471578,0.000847877038875451,0.215514019991699
TLCD4,-1.0962406932226,2.37014444123049,11.127539687378,0.000850553358358521,0.215514019991699
FAR2,-0.674164455799093,5.77087259921668,11.0042983424874,0.000909008373629147,0.222904322170957
RRAS,0.266459259103208,5.9564814316855,10.9428070598999,0.000939676973361319,0.222904322170957
NEIL2,0.660445057623639,4.64622849986871,10.9371365749258,0.000942557272852196,0.222904322170957
LARS2,-0.485241965613287,2.25294946261083,10.8378875764338,0.000994441164122664,0.223323177095572
AFMID,0.455162779623046,2.76747797939026,10.8195142220135,0.00100435837765412,0.223323177095572
NHSL1,0.610058520225719,1.01510271203246,10.8130688308575,0.00100786099357835,0.223323177095572
LPAR3,-0.83808703678564,2.99268495130915,10.7759599798111,0.00102826871618897,0.223323177095572
PEX6,-0.828047211095753,2.96899396652348,10.6538936833857,0.00109839424962663,0.233782232090532
ACOT7,0.412901253956858,6.51846271627432,10.2823819540291,0.00134306450897773,0.269084585518072
SLAMF8,0.669299130056415,5.04092898820842,10.2805689756177,0.00134438483433703,0.269084585518072
RGS3,-0.340880875969092,3.13927812314328,10.1817483177668,0.00141837629560827,0.269084585518072
CNRIP1,0.894971491016211,1.61698157255296,10.1798824228324,0.00141981234713059,0.269084585518072
ARHGDIB,-0.230591526883582,9.09887450500956,10.1720038571224,0.00142589218864866,0.269084585518072
NPM2,-0.673507017236914,0.473865566896779,10.1348886419452,0.00145489032669451,0.269084585518072
RASSF4,0.451624025181471,5.61656371249286,10.1258828914911,0.00146201610183442,0.269084585518072
PDE9A,1.4266373659719,2.36568570456664,10.0762015523752,0.00150196644570888,0.269084585518072
PPARG,-0.219247691010803,8.28262893401549,10.0389214668195,0.00153266914853711,0.269084585518072
ARHGEF3,0.288278580417866,4.48678097650051,10.0378171825048,0.00153358823250102,0.269084585518072
ICAM1,0.783392391870212,3.41341973346837,10.0183168522376,0.00154991042323833,0.269084585518072
IL1A,-0.595966079896227,4.27148232233011,9.94410841856279,0.00161365005442116,0.269084585518072
MT1G,1.13768511873404,1.51013160672376,9.94142967996316,0.00161599991393731,0.269084585518072
CD83,-0.304063111723204,6.18994918346027,9.93886869782946,0.0016182497155757,0.269084585518072
PTGER2,1.31854537457473,0.632832136875156,9.88711241804563,0.00166440348278721,0.272501259443408
NR1H3,0.501444207742556,4.75584909553921,9.82198451533455,0.00172438182520484,0.278043505815604
ATP10A,-0.483679155942116,6.29192498039714,9.78137304032666,0.0017628862207134,0.278530748208387
ID3,0.783647650428974,6.17127682507691,9.76386951419843,0.00177974918982995,0.278530748208387
LITAF,-0.281064092072587,9.12379302843308,9.59598674620899,0.001950031038083,0.300756960975061
FAM107B,-0.377690557221099,7.63141348712509,9.55377516189228,0.00199538613023285,0.303355702827685
EXOC3L1,0.620289736036563,1.2233352011209,9.51963881001923,0.00203284588190811,0.3046978292291
RASSF1,-0.348264314928836,4.44639370932594,9.49261196722409,0.00206300917966358,0.304924217916386
ZNF93,-0.460263287911371,3.10039135406131,9.42060606538769,0.00214560595445554,0.312788199552273
TADA1,-0.540835121511755,1.38317992692531,9.27251016065733,0.002326186851404,0.329704593407252
RNF213-AS1,1.12205894110339,0.531221129517386,9.25533199270394,0.00234810764409129,0.329704593407252
FAM83G,-0.660640794797661,0.843353584314643,9.25028310564922,0.00235459021790558,0.329704593407252
RGS9,0.536815878477752,2.94021304804343,9.1254067995757,0.00252083824698013,0.348399488628085
SMPDL3A,1.0192616914634,1.13976136615704,8.99945327148132,0.00270060385857241,0.368459311063174
KIAA0040,0.551030709657759,2.45098035535745,8.96056046716336,0.00275870248919235,0.368497981283127
GSTT2B,1.11148552219353,0.988176994025644,8.92671586836051,0.00281029213053843,0.368497981283127
TES,0.375552978272451,4.41268454419634,8.91657087474384,0.00282594629020176,0.368497981283127
SGTB,0.438389191789771,3.04864033818549,8.90790107038143,0.00283939433050333,0.368497981283127
SLC28A3,2.11970952963076,1.1343620745861,8.8749973948166,0.00289102654116261,0.370678366880151
AEBP2,0.371863117329157,3.25868245083896,8.69826477164531,0.00318513115586979,0.402503839668886
EPHA1-AS1,1.03552127103436,2.01049972897211,8.662580653423,0.00324810962110747,0.402503839668886
C8B,-0.807086921230517,6.25802674699768,8.63738625212229,0.00329333581910268,0.402503839668886
FABP3,0.807409351449871,3.79750741015094,8.63227293571286,0.00330259252734615,0.402503839668886
TMSB10,0.254846856905139,12.8781946809499,8.61811913884575,0.00332835349472486,0.402503839668886
AICDA,-0.713492689287178,1.00180508914196,8.5557377857957,0.00344434883166252,0.411851238950029
PLEKHA7,0.700089380079857,0.945740571263573,8.52338861390753,0.00350611047665559,0.413350128948575
PRR15,0.629760426159976,2.74225115582551,8.50867829894487,0.00353456697371926,0.413350128948575
WIPI1,0.467705670784407,2.86425200702214,8.47572969610981,0.00359915982630811,0.416328900777945
SESN2,0.287623409256414,4.08286300237827,8.4445513934626,0.00366138744609609,0.41897295915435
ACADSB,-0.61515072813728,3.2532547102591,8.40514591816464,0.00374160361754788,0.42190220200288
DHRS4,0.580718555205466,5.13001591820838,8.39319846044171,0.00376627599983777,0.42190220200288
DPP9,0.291781517203041,4.65138990678725,8.35647842163856,0.00384314650497259,0.424080167096298
FTCDNL1,1.0045592752124,3.98049895249488,8.33641930228239,0.0038858108470344,0.424080167096298
RPUSD3,-0.265732534511483,4.15046717383703,8.29104792814534,0.00398409909343313,0.424080167096298
PDK4,0.599516139157547,5.92410979683149,8.27271025745331,0.00402453847938934,0.424080167096298
FXN,-0.33772152266452,4.34793294586944,8.26593647271407,0.00403958187869004,0.424080167096298
TRMT1,0.382821379928566,4.04899185227844,8.24502149437155,0.00408639250031336,0.424080167096298
MAFG,-0.358372903764676,4.00728173207668,8.23844127852998,0.00410123380216354,0.424080167096298
RFC4,-0.409399230945193,2.01367897783006,8.23349976098195,0.00411241516867415,0.424080167096298
PTGFRN,0.59597360116252,1.77807757902628,8.21381992621441,0.00415725419308449,0.424080167096298
PRSS36,0.456038325207076,2.95875450154283,8.20209050372295,0.00418421514237092,0.424080167096298
ADORA2B,-0.826481617492068,1.43742716775386,8.11139343070436,0.00439879007131279,0.441621923951988
TMEM51,0.418151215508602,3.72752538331327,8.07269085595427,0.00449373351773019,0.446937496221352
SAMD12,-0.962272652344699,0.512700048157649,7.98863602154977,0.00470718641301527,0.45889952307259
FHOD1,0.330373934124534,3.19055582423775,7.97914470309524,0.00473192928415505,0.45889952307259
ZNF366,0.707856902965542,0.227616228860156,7.97477300096151,0.00474337037567985,0.45889952307259
LILRB4,0.836641473707036,4.6422855758415,7.91189049255345,0.00491109207076571,0.470189976692408
UGCG,-0.526883508072958,5.16498850753881,7.89818667319474,0.00494843801818734,0.470189976692408
DMAC2,-0.280334484450315,3.97877124540798,7.87439424467454,0.00501396641972876,0.472200271139411
SLC46A1,1.29525992199369,1.87455114927989,7.77202469299454,0.00530615409088332,0.493880629972228
GFPT1,0.383249892005717,4.28103437075964,7.76155733683992,0.00533699233666662,0.493880629972228
KDELR3,0.791378532150497,1.06955582629272,7.74508756201173,0.00538588490272758,0.494108509782991
S100A8,0.527415688540518,9.16836733376702,7.7057199268568,0.00550461145883876,0.494482634869056
USP46,0.367310840602553,2.86262815134565,7.70270190460456,0.00551382274620736,0.494482634869056
PHYKPL,0.243520275598512,4.18767134509685,7.6976233262495,0.00552935853687443,0.494482634869056
DUSP8,-0.882519437587989,1.56326798561368,7.63053184198099,0.00573883775038631,0.506728006273874
CLEC2B,0.180790812226406,7.03373143062314,7.60900274359028,0.0058077595113911,0.506728006273874
NFXL1,0.357028437900777,2.79271327608179,7.60857567812231,0.00580913519690027,0.506728006273874
BEX3,2.05864463723643,3.38288919961564,7.59346311494502,0.0058580311868388,0.506838763336085
VNN2,0.699577593240776,3.30111991032621,7.57875057508237,0.00590603628458094,0.506871275326696
GOLIM4,0.183630025954298,6.30372528171844,7.53534135116876,0.00605002736927397,0.5135401697295
MT1X,0.831192425302822,1.51617194889224,7.52636287280561,0.0060802538419392,0.5135401697295
CASP1,-0.203994821716911,7.15014658054705,7.51000815140853,0.00613570939648071,0.514143459821635
SHB,-0.439772879364327,2.67311072508089,7.48199416162304,0.00623190139039744,0.518124176536012
NOL4L,0.28991801257364,3.27840646537431,7.44195118150101,0.00637207699610825,0.521906855649375
SENP1,-0.34797809853908,2.80226795845242,7.44098940768907,0.0063754831079138,0.521906855649375
KDM4B,0.291282580228938,3.28447156008814,7.40005340766616,0.00652219406353876,0.529841139115873
PAOX,0.394565635778049,2.22926656472901,7.36945577172928,0.00663410085296862,0.53068636407211
ZNF22,-0.361538648789948,3.93328183928636,7.3607914777841,0.00666614416503381,0.53068636407211
MIF,0.29492291962398,8.5884017728948,7.35347105213348,0.00669334058342904,0.53068636407211
ZNF689,-0.367690977561076,2.67989285847261,7.33793277673001,0.00675144361288988,0.53068636407211
IL6R,-0.462578619477519,2.41144349872934,7.32983329676167,0.00678193436513878,0.53068636407211
CD9,-0.365429078020877,9.4744743717536,7.29744186653459,0.00690528561689094,0.532219402937704
IGF2BP3,0.558959298614775,2.06327556804681,7.29562404971969,0.00691227566117985,0.532219402937704
FAM228A,0.758528849169245,0.601866616390034,7.23980239352679,0.00713048271963328,0.532219402937704
ANGPT4,-0.494038133205032,4.28370522691241,7.23930208373648,0.00713246993264129,0.532219402937704
PDE4B,0.590313278087251,3.04635042505423,7.23698228756596,0.00714169147923963,0.532219402937704
PPP1R14B,0.162000095341102,6.54420916420582,7.23533859102346,0.0071482327986418,0.532219402937704
MIEF1,-0.256567657814661,4.60094717826844,7.23446285696153,0.00715172040365796,0.532219402937704
BCAT1,0.848492820325827,1.48555984955071,7.22198176242262,0.00720161567590955,0.532219402937704
LINC02256,0.51101765121231,2.84227536241776,7.12942569598553,0.00758290114271876,0.550652338764149
PIK3C2B,0.761080254758593,0.854380154351814,7.11560476726515,0.00764158210491246,0.550652338764149
KCNMA1,0.984489208794212,4.81814328898037,7.11022279265838,0.00766455832121871,0.550652338764149
GMEB1,-0.275383472557323,3.40589587002505,7.10210635210421,0.00769934191226383,0.550652338764149
CALHM6,0.982683060028958,3.23840857175327,7.09231798744752,0.00774150543143692,0.550652338764149
DISP2,-0.463253678351747,1.18280079813005,7.08769593439098,0.00776149697562699,0.550652338764149
PLAUR,-0.198873363213596,8.30346436395472,7.06090697327275,0.00787841015560601,0.554601025636148
BCL3,0.464370649728717,2.22478250623174,7.05080577077769,0.00792296030387622,0.554601025636148
NCOR1,-0.170249597479948,6.99000495507913,7.03941723358257,0.00797349717368263,0.554601025636148
LAP3,0.351980872753916,7.60553875205517,6.99568537381533,0.0081706418052188,0.562604915308914
FECH,0.360130523183484,4.10184746417651,6.98867426365974,0.00820270880330725,0.562604915308914
DNAJC18,-0.50367644827549,1.65540811658597,6.97899987562921,0.00824716846346463,0.562604915308914
ZBTB21,-0.323509631332594,3.20399426837804,6.92021719995118,0.00852266238873857,0.572381578247171
SPRY1,0.48310226870104,4.73808208426654,6.91186530451981,0.0085625618908957,0.572381578247171
GCH1,0.914952385123095,1.2322652735922,6.90047654785488,0.00861727766522158,0.572381578247171
MAPK6,-0.26459031470018,4.63565201809733,6.88566756843635,0.00868896105755484,0.572381578247171
SSC4D,0.5506799142831,1.74712483708415,6.88255089232339,0.00870412501634956,0.572381578247171
LUC7L,0.324151606343323,3.41869179243321,6.87234006802579,0.00875399504511949,0.572381578247171
ACCS,0.799095127170423,1.89361197594106,6.85701194149175,0.00882940785210479,0.572381578247171
BCL2L11,0.505053462597307,3.0549830183486,6.84635119169544,0.00888224947898834,0.572381578247171
MMP15,0.539138244779798,0.864111018883701,6.83079720375164,0.00895992657980639,0.572381578247171
PARS2,-0.532386428896205,0.666320057919119,6.81510410753073,0.00903900339879146,0.572381578247171
ADAM15,0.353706186255193,3.98540971599109,6.81470914962148,0.00904100276687615,0.572381578247171
CD36,1.12881656970943,3.36617191333148,6.80725871225491,0.00907880355706274,0.572381578247171
DLGAP1-AS1,0.491735329691684,1.73675945156876,6.77780623649163,0.00922982605885169,0.572381578247171
IFFO1,0.325220721953138,3.5934633728677,6.76681132839927,0.00928686163995136,0.572381578247171
ZNF75D,0.418964924256726,1.47127119167128,6.75863399365667,0.00932951516197428,0.572381578247171
ARPIN,0.376893245207827,4.96854716202634,6.75190545468599,0.00936476211561177,0.572381578247171
FAM114A2,-0.213299891597112,4.24935668026023,6.75166627550837,0.00936601754540918,0.572381578247171
MAP2K7,0.274172997739756,3.37248401394328,6.73146532563873,0.00947267508725128,0.572381578247171
CASP9,-0.284257975671604,3.39450665061169,6.7189838341075,0.00953919629953654,0.572381578247171
PGM1,-0.238205412049414,5.32832434441252,6.71389656657202,0.00956644644144672,0.572381578247171
CYB5R2,-1.00457609472083,3.35861131322852,6.69941948658585,0.00964443070339243,0.572381578247171
ACTG1,-0.255417405755488,10.702519367003,6.6955020153796,0.00966564485956189,0.572381578247171
TUG1,-0.420791367734289,3.55157739687356,6.69305218397922,0.00967893564523716,0.572381578247171
USP28,0.295183757841851,3.06202757418798,6.67977389824263,0.00975129928807159,0.572381578247171
ATP5ME,0.228511615588221,8.68923630743153,6.67586366558385,0.00977271465501875,0.572381578247171
ZDHHC19,0.503896467537554,4.14569297827954,6.67291465844033,0.0097888975043211,0.572381578247171
WDR35,-0.523358725406473,0.914956439924483,6.61569214494382,0.0101084045172911,0.578379947738001
EPDR1,0.60455203365188,0.887068645578356,6.60864256533715,0.0101484992919291,0.578379947738001
SMAD6,0.42193730728027,2.87783244941625,6.60796925491401,0.0101523372916689,0.578379947738001
OSCAR,0.285866273242295,7.90080940828948,6.60133797890649,0.0101902164316356,0.578379947738001
MRPL52,0.172690022791757,6.96591795300131,6.56419289481224,0.0104050917037181,0.578379947738001
MMUT,-0.337848514822913,3.46493078328008,6.55947750429689,0.0104326994402097,0.578379947738001
TNIP3,1.19216436645831,0.884488749509717,6.55506785001937,0.0104585851117669,0.578379947738001
MTF1,-0.30498096631227,3.84834306831315,6.55462127216736,0.010461210295095,0.578379947738001
HLA-DQB2,1.01005973996675,6.00483991062094,6.52737216189915,0.010622677994725,0.578379947738001
C5orf22,-0.370115088769019,3.03851399689605,6.51175872180757,0.0107163468501831,0.578379947738001
SEC63,0.163239213396584,5.49543199948841,6.51028844774566,0.0107252109152116,0.578379947738001
MCUB,0.316900122691793,5.45412364546199,6.50537313125592,0.0107548992662429,0.578379947738001
TMEM144,0.33784153893493,3.305926869529,6.49955156261293,0.0107901704161536,0.578379947738001
COL6A3,0.700570923149949,0.301704290997387,6.49651981138087,0.0108085858569535,0.578379947738001
C8A,0.835340775912761,0.678395867691168,6.49579873896359,0.0108129705334507,0.578379947738001
CAPRIN2,0.29616226608238,3.14811295056332,6.49165763091425,0.0108381870169608,0.578379947738001
RNF125,0.410484329271322,1.6640652433369,6.48774014865817,0.0108620973000321,0.578379947738001
PGM2L1,-0.467437612812987,3.44514236751519,6.48648650078766,0.0108697603408758,0.578379947738001
AWAT2,-1.14776598597541,3.12023110903243,6.46994378824797,0.0109714002502728,0.580883788375139
CLK2,0.358922577707049,2.24059519697636,6.3944317326319,0.0114478870383471,0.600871758570844
TEP1,0.298370692339593,3.47445449114477,6.37875100606559,0.0115494680492226,0.600871758570844
RDH13,-0.433944447918332,1.20690973471014,6.37123466837058,0.0115984870831747,0.600871758570844
PLIN2,-0.447797482506449,8.98133385612504,6.36211603982108,0.0116582425678329,0.600871758570844
HPGDS,0.641079334357627,6.11710517422296,6.35686602572812,0.0116927898269147,0.600871758570844
PELO,-0.366250241171512,4.58644768861108,6.33423334825671,0.0118429296809422,0.600871758570844
TWF1,0.302835655221723,4.24801208498061,6.2915527827615,0.012131472436374,0.600871758570844
ACYP2,0.398664947331206,5.58374014452254,6.29055096469688,0.0121383313090431,0.600871758570844
BRD8,0.250988317163293,4.17158367186447,6.28472160821833,0.0121783206564462,0.600871758570844
NAA25,0.29601815173108,2.93926588086649,6.28277801839773,0.0121916837290499,0.600871758570844
PLCXD1,-0.469930975805832,1.41019840294604,6.2826524781194,0.0121925473937769,0.600871758570844
PRDM4,-0.30574535675907,3.12956195743104,6.28234478216999,0.0121946644792905,0.600871758570844
CHPF,0.717402742865736,1.11325061007273,6.27747175117628,0.0122282434968649,0.600871758570844
TCEAL9,0.333802704015129,4.56088094114654,6.26350487313848,0.0123250134922133,0.600871758570844
SUV39H2,-0.66532351752494,0.166449382171816,6.25858530510177,0.0123592859387446,0.600871758570844
IGFLR1,0.432820582359379,5.2683632999153,6.24805920574498,0.0124329458432261,0.600871758570844
EEF1G,-0.264777896635702,8.38685898593342,6.23977390980929,0.0124912421076491,0.600871758570844
KIAA0825,-0.558240697809309,0.884867620847587,6.23387872359965,0.012532892237643,0.600871758570844
MBNL1-AS1,-0.344444367019899,3.55051154321147,6.23372173547711,0.0125340033242198,0.600871758570844
ARF5,0.222133478448122,5.58813974237828,6.22733003143315,0.0125793267912859,0.600871758570844
SYNC,0.313264477186088,4.61450193189398,6.22682358420935,0.0125829251926519,0.600871758570844
GPR153,0.43393230680627,3.34477635459613,6.22567470653302,0.0125910921031101,0.600871758570844
STEAP3,0.495049251021174,3.85066009930366,6.21679674987137,0.0126543858903562,0.601196315380224
SEC61G,0.154091979871489,7.89133055808103,6.20470963140245,0.0127410848157578,0.602624998263533
H6PD,-0.468070065935765,4.91995894558151,6.18046466880003,0.0129168350986963,0.606170724643158
SIRPB1,-0.625296343263745,6.6114597918568,6.17866615404734,0.012929971292426,0.606170724643158
PIPOX,0.406887433067618,1.85909089940453,6.16464053979459,0.0130328854079565,0.607499098294952
TMTC2,-0.375834774774885,3.45069116731863,6.15927519917587,0.013072476368121,0.607499098294952
PAM,0.325020962099346,3.22917462196386,6.13344604730818,0.0132648077629903,0.61270649963933
AKIRIN2,-0.209207981173995,7.08895486188658,6.12875357935431,0.0133000603440264,0.61270649963933
ICA1,0.515095631937385,1.7167269637225,6.12116753981481,0.0133572550193878,0.61270649963933
SPG21,0.195272542961618,7.20343900698669,6.101379599176,0.0135076388354798,0.614536639378244
DENND3,0.390465566415768,1.9662529813696,6.09415180949716,0.0135630015708853,0.614536639378244
PRR5L,1.20357054413742,0.586861491444653,6.09301143407527,0.0135717578010653,0.614536639378244
CLCF1,-0.504328949259241,1.37743489853765,6.08568675417716,0.0136281382158678,0.614536639378244
CIITA,0.315522895586207,5.19056671172117,6.0685093728708,0.0137613049365175,0.617923236854091
KIFC2,0.680871106733977,0.759177008101181,6.05989983475719,0.0138285527504277,0.618333858697698
CHST3,-0.734603069531728,0.526538214692894,6.03480416056225,0.014026506864873,0.622209576748764
BACH1,-0.195379114297929,6.31810170991508,6.01317213514826,0.014199478856065,0.622209576748764
STPG1,-0.302709032216862,3.63585658810587,6.00999204746239,0.0142250916154634,0.622209576748764
BCR,-0.511796465581097,1.95085258589198,5.99825341234501,0.0143200482002397,0.622209576748764
HS6ST1,0.359760587394458,1.65806103160782,5.99527385581101,0.0143442541768595,0.622209576748764
NFYB,-0.252932075832422,4.15085595755159,5.98718447706069,0.0144101850467685,0.622209576748764
TMEM18,-0.264062855177324,4.92311441680642,5.98637567694544,0.0144167941395116,0.622209576748764
SNX2,-0.286473526039033,8.49853661783583,5.98235953414844,0.0144496582036353,0.622209576748764
DNAH14,0.564663434840152,0.546554777134188,5.9801246153118,0.0144679799113232,0.622209576748764
AGPAT1,-0.255258697937662,4.45983568806899,5.97623743997665,0.0144999036866842,0.622209576748764
PCGF2,1.2148124445676,0.829081393443822,5.9563485875445,0.0146643809895137,0.622809187865087
ZBTB1,0.284252133218702,5.23095686702468,5.95562636570278,0.0146703896484312,0.622809187865087
ESR1,0.484139385464232,2.55065375387548,5.94751088995053,0.0147380823807053,0.622809187865087
CEBPB,-0.245813410186367,10.3017069336722,5.94518739679378,0.0147575222340961,0.622809187865087
LINC02026,-0.72397996977259,-0.0315699410869331,5.93716111075191,0.0148248787121851,0.622809187865087
SPOCD1,-0.722734771187242,4.18561384942199,5.932395760428,0.0148650191428051,0.622809187865087
SPATS2,0.513329366627578,0.527031441771969,5.924889965853,0.0149284705148324,0.622851931125881
GBP5,0.74250435309688,3.51414396977924,5.91845461765321,0.0149830947536389,0.622851931125881
ZNF506,-0.606445912794541,3.64673546268514,5.89212904200996,0.0152087024436435,0.629770472393983
CTSB,0.333966941379195,9.98636357197819,5.88327382330981,0.0152853748073797,0.630492087985018
FAM50B,-0.296219781006987,2.93454086037284,5.87469284192358,0.015360052583501,0.631126176037134
CA3-AS1,-0.558876244775444,0.878140796250146,5.85549334620945,0.0155285045289977,0.633376704257389
EVA1B,0.542388359699706,3.47252205557887,5.84542149474132,0.0156176325853341,0.633376704257389
CH25H,1.60610475154194,1.11408746962898,5.84249438690429,0.0156436339390786,0.633376704257389
EPHB6,-0.330228694325604,3.04224083152645,5.8414534051969,0.0156528916763478,0.633376704257389
KCTD17,0.24295057597669,4.32667457195672,5.81976128691965,0.0158470955464725,0.63760789968366
ZNF799,-0.377778147852476,1.77126265898319,5.81641354005742,0.0158772874850752,0.63760789968366
CYP2U1,0.371423065789043,2.61374703949351,5.79584790850817,0.016064065685654,0.642302215880064
NQO2,-0.666824517938852,5.64662120988509,5.79029409905036,0.0161148930313829,0.642302215880064
ATAD5,-0.353943311272338,2.69597386590026,5.76802666502532,0.0163203506998501,0.645895627537186
MLXIP,0.290394529763498,3.83335278697588,5.76737163857343,0.0163264352384423,0.645895627537186
PYCR2,-0.25189752849379,5.33699304485093,5.75908014092759,0.0164036574210986,0.646467038501338
HLA-DPB1,0.275775147942032,10.9396511999703,5.7470350934224,0.0165165095033267,0.646467038501338
PLPP3,-0.429947547758389,4.12805786085651,5.7463322537343,0.0165231191949224,0.646467038501338
MYO1C,0.248076254045835,4.63028388727172,5.72328859088869,0.0167413455725685,0.651474526620128
RALA,0.179877509004764,4.85549288474887,5.71991518111965,0.016773540715459,0.651474526620128
PTTG1IP,0.174732283616309,7.13941704831301,5.69198014136529,0.0170426134974827,0.659518155782585
TEN1,0.233902192741892,4.70066227863913,5.6777644563379,0.0171812458162538,0.662473978175989
NAA80,0.431053297566006,1.30820715495856,5.66292105841498,0.0173272417958616,0.663826046848802
SNRNP48,0.284573062951188,3.54774463375004,5.65423321071033,0.0174132866151018,0.663826046848802
CHSY1,-0.290654437607368,3.10246459566073,5.64968033037658,0.0174585544999827,0.663826046848802
TMEM128,-0.435680895050838,5.21052772065467,5.64715308280906,0.0174837345406303,0.663826046848802
SESN1,0.30034898800441,3.06938653284736,5.64269923460561,0.0175282013873815,0.663826046848802
PIGX,-0.307047002824891,4.53753654585925,5.62777189289891,0.0176780877460589,0.667128403523257
DHRS12,-0.253023788705522,3.64386398388484,5.60597639014778,0.0178993177396355,0.673090245177387
CPNE9,-0.391194254853437,2.0468341282477,5.59039633804293,0.0180592095308524,0.675740546024297
RELB,0.624373993216301,1.62790765831798,5.58521493477145,0.0181127103479357,0.675740546024297
ITGA6,-1.38882698235831,2.47446359435767,5.58062032919,0.0181602890587248,0.675740546024297
CD40,0.449870825235223,5.79210777667682,5.56806101532139,0.0182910047029959,0.678233003656037
SARAF,-0.198407949375326,8.41935302336955,5.55433281163316,0.0184349980144221,0.678458236840031
PIGU,-0.258066124222442,3.28714896791937,5.55113373499695,0.0184687205841269,0.678458236840031
IL10RA,0.305070185685654,4.86564422430387,5.54927555037193,0.0184883375947763,0.678458236840031
GNG11,0.657040681709363,5.55745440480374,5.537479343325,0.0186133741577328,0.678848980974373
PGM2,-0.209492546686388,4.18510279068562,5.53623968814346,0.0186265647852393,0.678848980974373
HDAC7,0.438023925709864,1.2624810688539,5.52087748964666,0.0187908308278876,0.680252695442813
FCHO2,0.267125275429745,5.58684791509672,5.51181279554158,0.0188884598453756,0.680252695442813
MAP3K14,0.518790784766241,0.53189170508404,5.50913846491179,0.0189173630560918,0.680252695442813
CLEC6A,-0.723790925246735,1.48865380352074,5.50882382535636,0.018920766571234,0.680252695442813
COX6C,0.162794371105376,9.27409808614384,5.49807552058855,0.0190374137906129,0.682141944645464
MAN2A2,-0.229978135411409,4.00811851515347,5.48623706196916,0.0191667523814472,0.684471741085104
F8A1,0.327166322984287,4.47518564562498,5.47844222273742,0.0192524087650619,0.684884157058642
IKBIP,0.225672487252003,4.21922056402351,5.47349172725789,0.0193070143880467,0.684884157058642
TSEN2,0.290798936461674,4.04088440383641,5.4674426873519,0.0193739546931969,0.684975501146184
FPR1,-0.660492999689962,6.47837181495631,5.45751605712935,0.0194843257839321,0.685095618507597
CSF1,-0.809670807764029,5.04742068854052,5.45556410542434,0.0195061052816954,0.685095618507597
SEMA4B,0.493891431572578,0.551417466205636,5.4460635703196,0.0196124703128166,0.686565490358533
PDE6G,0.691669728956022,2.91428951246817,5.41396927808633,0.0199762438159728,0.687479997651444
EEF2K,0.339535374495045,2.97756388870965,5.39972997251957,0.0201398672873814,0.687479997651444
DNASE1,0.405778360280951,1.57221299681341,5.39923030597833,0.0201456340509714,0.687479997651444
SIGLEC10,0.541560176849737,0.975796585042101,5.39726788896269,0.0201682992759595,0.687479997651444
TRA2A,0.212979085264127,5.65197786337744,5.39562628462913,0.0201872794860943,0.687479997651444
HPSE,0.450787288348224,2.68419383921801,5.3916308801506,0.020233551546758,0.687479997651444
LINC01093,0.835124657618126,0.37105176279719,5.38369497249403,0.0203257854830676,0.687479997651444
RND3,-0.969757292030487,5.21030730101248,5.38264115450238,0.020338065999207,0.687479997651444
PLCD1,0.41787681346263,1.99822976631637,5.37829826989409,0.0203887562258897,0.687479997651444
GRAMD1B,-0.265416045606901,3.50907848242583,5.36711254446922,0.0205199189373901,0.687479997651444
EPN2,-0.352445672632321,3.64492892911491,5.36436282025905,0.0205522954003685,0.687479997651444
RPS26,0.786425000973019,9.88940110842978,5.36068374344208,0.0205956971544091,0.687479997651444
ABHD2,-0.320911907161218,6.72420398892785,5.35895055334905,0.0206161762980009,0.687479997651444
HSD17B8,-0.297890667418557,3.81816911074734,5.35448641639155,0.0206690210249207,0.687479997651444
FANCE,-0.554724126162276,0.74529652560251,5.34306426306564,0.0208048711173655,0.687479997651444
TMEM177,-0.317316765698488,1.97033384057771,5.34087396655919,0.0208310269450451,0.687479997651444
TIPARP-AS1,0.586005832570176,2.11797594678805,5.33760551866035,0.0208701210085298,0.687479997651444
CBL,-0.298924084051429,5.99850703415632,5.32893461797078,0.0209742024055412,0.687479997651444
ZNF485,-0.45762288798164,1.16211805361915,5.31289097648148,0.021168201693545,0.687479997651444
SLC2A6,0.629554679685754,4.45698847211845,5.31236067181844,0.0211746457429179,0.687479997651444
P2RY14,0.738708784383806,1.62598412191709,5.30938988395187,0.0212107831344942,0.687479997651444
PEX10,-0.229495639295373,3.68476954311078,5.30470839750049,0.0212678595052956,0.687479997651444
NUP35,-0.337426527649431,1.7585496272006,5.30415416911342,0.0212746271383391,0.687479997651444
PLAU,-0.313894778263271,6.14017405294704,5.2949767569485,0.0213870163743134,0.687479997651444
DCBLD1,0.404017191607535,1.33154854670888,5.29491057023823,0.0213878291445321,0.687479997651444
CD2,-1.30243735940327,1.28750792482464,5.29238305271332,0.0214188909005079,0.687479997651444
FAM13A,0.32749451802892,3.03003228033092,5.28828585890416,0.0214693423433663,0.687479997651444
SNTA1,-0.349965361565189,2.12499713558652,5.27961285942575,0.0215765449989616,0.687479997651444
NDUFS5,0.245180699731569,9.04714569913558,5.27764615276979,0.0216009314867028,0.687479997651444
ERRFI1,0.586303648998417,2.14084219977419,5.27535492778181,0.021629377886566,0.687479997651444
MEFV,0.36287878107028,2.41599610883925,5.27440250441262,0.0216412139835777,0.687479997651444
LYSMD3,-0.206952856988844,4.07177535071696,5.26139568357062,0.0218035272004519,0.689981706132799
ERVK3-1,-0.219479301310327,4.97400085378797,5.25381764637137,0.0218986749143464,0.689981706132799
GIHCG,-0.742935184375705,2.13819360236591,5.25256274726698,0.0219144725308106,0.689981706132799
IL4I1,0.99034239547855,1.44649716706375,5.24126615409824,0.0220572150728107,0.692062242243194
NCF1,0.558299462566192,6.49679414772121,5.23705957262955,0.0221106147681532,0.692062242243194
REPS1,0.269451823671507,3.74506172095321,5.22820039304218,0.0222235145036907,0.693556132986149
APBB2,0.609903838680492,2.92323648004873,5.21429260941129,0.022401958905284,0.693824770353194
CDKN2A,-0.682286216791214,2.88200278039266,5.21240339327264,0.0224263128459859,0.693824770353194
PLPBP,-0.198377449655506,5.39171071184804,5.21229484872256,0.0224277129300412,0.693824770353194
LPAR6,0.328955381935178,3.01163144270849,5.19169782398211,0.0226950340386031,0.698854428958111
AMPD2,0.300111228388558,3.61960414660308,5.18963892004633,0.0227219366984891,0.698854428958111
GINS2,-0.615114566053105,0.46017930701858,5.17741990531421,0.0228822779879131,0.698854428958111
ACOT1,1.67391025215913,1.25763700060845,5.17485989540106,0.022916019477865,0.698854428958111
PTGR1,-0.374728032840591,4.38321273723604,5.1746610312358,0.0229186427087371,0.698854428958111
FUT4,-0.299013721523604,2.98539705662808,5.15266502427592,0.0232107235499767,0.702795600624232
THBD,-0.706901484577807,6.77091845526709,5.14655788852388,0.0232925015983756,0.702795600624232
SAMD13,-0.332759464565983,2.51436618251697,5.14500190451827,0.0233133848297706,0.702795600624232
CCDC51,-0.250313893722528,3.18870266753889,5.14449164759605,0.0233202373354326,0.702795600624232
DHRS11,-0.373067163071024,1.75780976407199,5.13950065946591,0.0233873741328733,0.702795600624232
ABCC1,0.262623816534384,3.7283957682587,5.13176801504126,0.0234917866675828,0.702795600624232
TSKU,1.23904841512847,1.30777343232158,5.12658658659663,0.0235620209578892,0.702795600624232
DNAL4,-0.249678698747451,2.93693186175476,5.12238440808532,0.023619141413434,0.702795600624232
LINC02139,0.579523050415474,0.59291586768008,5.11711894205517,0.0236909179784957,0.702795600624232
TTC7A,0.249863476957879,5.56019573569376,5.11584704325086,0.0237082898537962,0.702795600624232
C1orf43,-0.140928412794801,6.5950882077281,5.10748344945509,0.0238228512417976,0.70422995254225
ZDHHC20,0.242870623729498,5.66630857236922,5.10173658409795,0.0239019023654925,0.704609542863079
NT5DC3,0.563688124138544,-0.0399778956702875,5.09359094928615,0.0240144162810112,0.705724289123319
CLSTN1,0.245738049235713,4.14070574548094,5.0894123825467,0.0240723470167041,0.705724289123319
PHACTR1,-0.282119470155028,6.36043113882195,5.08054735493504,0.0241957304149016,0.707392755701602
DTX4,-0.306686733738325,5.54617899384932,5.07317537269521,0.0242988332547358,0.708460776703831
TLR8,0.330850764240902,5.3252611103834,5.06831109343892,0.0243671134909225,0.708510441995622
ANKRD9,0.277536248783065,3.10194044293572,5.05765675549839,0.0245173657622235,0.710936802293139
SOBP,-0.527011481965139,3.70471762886638,5.05288914782506,0.0245849117960192,0.710958237318577
KLHL5,0.479887947370558,1.76787205996415,5.04229139704501,0.0247357502904364,0.713381719758332
E2F6,-0.308400351257907,2.77349708685754,5.033727025099,0.024858349257218,0.713941737241809
FPGS,0.224262308502851,4.2620288767791,5.02570362249923,0.0249737765697827,0.713941737241809
NMT2,0.483623085203397,0.684975539284212,5.02134448886095,0.0250367216437131,0.713941737241809
LGMN,0.834359035233342,4.80867577264881,5.01982484484126,0.0250587037189984,0.713941737241809
ABCC5,0.332339879243397,2.18783472962893,5.01762199196734,0.0250906041842169,0.713941737241809
MAP7D3,0.250628239818256,4.38263518712014,5.00097402881366,0.0253330582098701,0.718918414585167
SMIM10L1,-0.212051776736061,4.99247036001308,4.98834647430385,0.0255185824859618,0.719694382366244
LGALS12,0.521372139928175,0.452260299413991,4.98514009811653,0.0255659148895931,0.719694382366244
KPNA5,0.339476879675017,2.32824272743588,4.97677024370252,0.025689900550969,0.719694382366244
MTFMT,0.220296019272404,3.78940083644247,4.97203608862473,0.0257603056780785,0.719694382366244
FAM234B,-0.382730022137188,1.29920048899464,4.96866442015307,0.0258105704443867,0.719694382366244
GOLM1,-0.593424352528499,2.70840812458814,4.96666706384203,0.025840395038821,0.719694382366244
CAP1,-0.152289286097286,8.95305850337066,4.95909549269843,0.0259537795021626,0.719694382366244
COX15,-0.188985195832309,5.09999941832836,4.95437563079841,0.0260247209723867,0.719694382366244
SH3GLB2,-0.242295584275041,3.63809156554382,4.95386053626718,0.0260324752394874,0.719694382366244
LIN9,-0.46270687998666,0.636529962334012,4.94282597488176,0.0261991680954774,0.719694382366244
KLHDC7B,0.638782621489168,1.21120510645154,4.93357320776273,0.0263397992535633,0.719694382366244
SOX4,0.391868632358611,5.8028788277881,4.92025612010898,0.0265435818566122,0.719694382366244
VASH1-AS1,0.409106755269827,1.84308523261582,4.91675338923494,0.0265974535511212,0.719694382366244
PDCL,-0.197148519149143,5.84869661323504,4.91315221205111,0.02665295783832,0.719694382366244
CD84,0.362478804424164,4.62709626915823,4.91294895300092,0.0266560942203838,0.719694382366244
SMIM2-AS1,-0.819984369440375,2.28215093328709,4.90291526863583,0.0268113965636756,0.719694382366244
NDUFC2,0.172457822105894,8.07285914835032,4.89985378682147,0.0268589695374644,0.719694382366244
RNF6,-0.21036117876574,4.49896752852712,4.89277282074539,0.0269693386125057,0.719694382366244
EXOC4,0.200766667922158,4.14360102559089,4.88200527831479,0.0271380739169314,0.719694382366244
GSTA4,0.512201934802471,0.57082004220848,4.88181020066406,0.0271411410315284,0.719694382366244
KL,0.658106943804563,1.40193919530352,4.87650948974214,0.0272246197473816,0.719694382366244
MED18,-0.241325585906677,3.26604634303354,4.87010798059152,0.0273257905539359,0.719694382366244
SOD2,0.718735222108421,5.98902754753336,4.86870507141359,0.027348014615272,0.719694382366244
ZNF667-AS1,-1.02845224591768,1.43730742389498,4.865568315609,0.0273977732858331,0.719694382366244
FAAP24,-0.353592706716208,2.35099148347665,4.85889798245395,0.0275038987243945,0.719694382366244
FBXL3,-0.172985833211631,4.69678054452856,4.85437004858509,0.0275761820155621,0.719694382366244
SSH1,0.231635405677922,4.34787518907351,4.84339052129996,0.027752279374064,0.719694382366244
PSMB8-AS1,-0.264516594098318,4.42135960246066,4.84302892692765,0.0277580987372549,0.719694382366244
WDR76,-0.541919067340208,0.532596570376177,4.83948283949137,0.0278152354455583,0.719694382366244
USP9Y,-0.550395610788479,2.5549397032844,4.83880918668105,0.0278261035705971,0.719694382366244
BTN2A2,0.19194622974171,5.09158508586242,4.82985715040348,0.0279709480877124,0.719694382366244
EXOC6,0.236899602520228,4.22159487445946,4.82945475904459,0.0279774772001908,0.719694382366244
B3GAT2,0.428622858717913,1.38738222296683,4.82920242069172,0.0279815723950672,0.719694382366244
P2RX1,-0.581176461236415,3.70727623140039,4.82383517307065,0.0280688252523988,0.719694382366244
RGS2,1.16971671010127,1.41568382430714,4.82301817012905,0.0280821316978133,0.719694382366244
GRAMD1A,0.289007681082234,3.82211308651933,4.81128342512175,0.0282739802645603,0.719694382366244
ENG,0.214671106640216,6.94279892071319,4.80606641951298,0.0283597093831022,0.719694382366244
LRRC25,-0.270397030874047,5.02790164126424,4.80332677575683,0.0284048372305095,0.719694382366244
CENPF,-1.64699247392367,2.51354435939965,4.80176168949134,0.028430651120019,0.719694382366244
PVT1,0.421358061735322,2.1552946503167,4.8002228094503,0.0284560565837237,0.719694382366244
FDFT1,0.328635779611321,6.5006721096963,4.79836926576423,0.028486688224009,0.719694382366244
RWDD2A,0.288394336871184,3.28276120911456,4.79585559638375,0.0285282839383885,0.719694382366244
PARP3,0.266431660715508,3.30752734536691,4.79371751198202,0.0285637143038769,0.719694382366244
LILRB1,0.259759014176142,5.39634833962384,4.79014640451551,0.0286229935879482,0.719694382366244
ALDH1B1,-0.332391890448038,2.26290266769367,4.78882924800896,0.0286448902973945,0.719694382366244
URM1,-0.177771355465735,4.81543174454673,4.78840716392238,0.0286519108081364,0.719694382366244
HOXB4,0.373974803939086,1.96976589778029,4.78741125009597,0.0286684829104987,0.719694382366244
TRAM2-AS1,-0.496227617382842,1.9168095198138,4.78294399410589,0.0287429413441397,0.719694382366244
GIT1,0.258878023659489,3.70797952509247,4.7760726623357,0.0288578632069772,0.719694382366244
NBPF20,0.467938788676406,0.62846887845127,4.76730082159368,0.0290052663591155,0.719694382366244
PRKAR1B,-1.08530300875338,1.4447677041164,4.76682652652914,0.0290132587823223,0.719694382366244
MAX,0.19183163349161,5.18543563925004,4.76626214049963,0.0290227723311987,0.719694382366244
LINC02693,-0.411532333769259,1.07340788897504,4.7638030420276,0.0290642619467186,0.719694382366244
HERC2,0.18176091725337,4.49303734924459,4.76279703074729,0.0290812530466258,0.719694382366244
AKR1C1,1.77728497533775,3.25452526224218,4.76007774321065,0.0291272324381355,0.719694382366244
RASA4,0.773023639736858,1.29582510005852,4.75782000429034,0.0291654652010741,0.719694382366244
ZFAT,0.60273338784034,1.77463127356376,4.75272938008626,0.029251862208912,0.719694382366244
LINC01089,0.465434206285195,2.11098142307853,4.75090968462603,0.029282810333075,0.719694382366244
VMO1,0.489712840275245,7.37714398261133,4.74594884914876,0.0293673541327114,0.720109176682753
ZNF124,-0.260662346569354,4.16048517016325,4.73618237910547,0.029534540576131,0.722543863933762
TCF19,-0.560387366384007,0.810995323649041,4.72724770104229,0.0296883565287601,0.722559606272389
NUFIP1,-0.243294401065181,3.46356161004548,4.72540316968423,0.0297202150632036,0.722559606272389
ZNF24,-0.167570106256299,5.09854678550335,4.72432376239077,0.0297388749809534,0.722559606272389
EMC9,-0.271717663041196,2.90946509555623,4.71589305598984,0.0298850388489529,0.724456909864593
CD68,-0.146429612371357,10.2817859690817,4.70730188191669,0.0300347549899884,0.725822173147635
GIMAP5,0.353836664035533,2.2966977568979,4.70053745159267,0.0301531868339522,0.725822173147635
RFC3,-0.417781856754922,2.01088495265641,4.69719429628898,0.0302118985010569,0.725822173147635
AIFM2,0.618851161658961,1.60525619391855,4.69260615415757,0.0302926683486771,0.725822173147635
P2RY11,0.549253181409642,2.91564822084505,4.69240594860003,0.0302961978961876,0.725822173147635
SLC38A6,0.360394821399507,4.94554902496296,4.6893243449085,0.0303505795010992,0.725822173147635
NFYA,-0.278010689500149,2.96156258162814,4.68231126572439,0.0304747201608212,0.726549520361048
CD2BP2-DT,-0.397745569885358,1.9141009845152,4.67801759233058,0.0305509849112719,0.726549520361048
ANO7,-0.464115273572922,0.756217231940297,4.67606069497275,0.0305858095397246,0.726549520361048
MED1,-0.18658789222491,4.47871307790227,4.66826767826607,0.0307249038908166,0.727272450337823
TANK,-0.183200612398987,5.85053947662378,4.66670232812789,0.0307529226322139,0.727272450337823
ROCK1,-0.162811506717826,7.42488660629726,4.66287146935281,0.0308216049278805,0.727280531358102
RGS14,0.421271149537987,2.82064522392261,4.6588027527246,0.03089472687462,0.727393104866607
SEM1,0.159140661845118,7.86042413366155,4.65495883827555,0.0309639749180583,0.727414174565069
KLHDC4,0.366299226289011,2.92388963954453,4.64566230743663,0.0311321216782397,0.729077022134111
SLC25A45,0.255237317254494,3.78120268163267,4.64347749711406,0.0311717764584684,0.729077022134111
LINC00881,-0.430644798713434,2.22627778706103,4.63543289258246,0.0313182424639459,0.730896351537966
CLCN4,-0.252808061027151,4.18397876045091,4.62471292344843,0.0315145346201651,0.731742695308763
FAHD2A,-0.226728420873762,3.64626937661416,4.62430071126621,0.0315221081664052,0.731742695308763
DLG4,0.405835232957595,1.73374892296736,4.62219710405451,0.031560787177854,0.731742695308763
ZNF468,-0.262832552337757,3.00688110279784,4.61120066482404,0.0317637861344152,0.732535144810897
CENPV,-0.175860389197116,4.83129944667651,4.60955914123265,0.0317942060203495,0.732535144810897
PAQR5,-0.613641836568637,4.45536276486895,4.60849646562465,0.0318139151955947,0.732535144810897
MOSPD2,-0.181702993948812,6.0438577128059,4.60021917414799,0.0319678690876669,0.732535144810897
JUNB,0.606580845276412,7.75957250726173,4.59890626281729,0.0319923599934758,0.732535144810897
TMEM70,0.197382103722425,5.57847198516667,4.59806985813783,0.0320079724052873,0.732535144810897
GGACT,-0.522810064273864,1.43157524085727,4.59296269819206,0.0321034758147793,0.733144183735796
SIL1,0.150151527969439,5.69174167647418,4.57465214026776,0.0324483333522336,0.73655709827509
TMEM230,-0.143729698764429,7.34020225864676,4.57174466093778,0.0325034470214958,0.73655709827509
IQGAP1,-0.158247275117312,8.42343663539707,4.56821976370955,0.0325703954412636,0.73655709827509
MTMR1,0.271606225523837,2.50100941293607,4.56793502125805,0.0325758098390242,0.73655709827509
PLPPR2,0.77350220061144,0.0844616542099525,4.55890126290365,0.0327480761399398,0.73655709827509
SPACA6,0.545222239574958,0.609522711217496,4.55384854069762,0.0328448418986997,0.73655709827509
RNF181,0.131973252521611,7.41475814978598,4.54314951075057,0.0330507280914331,0.73655709827509
BIN2,-0.312547945574055,5.12144565787492,4.54260644761871,0.0330612143710186,0.73655709827509
LINC02361,-0.524077346734233,0.0896769397383635,4.54121875833147,0.0330880257491861,0.73655709827509
RBM11,-0.688260455408645,2.29753985972448,4.54038339499559,0.0331041766524934,0.73655709827509
PBX2,0.243971282464176,2.88666195833765,4.54012752937315,0.0331091252019336,0.73655709827509
OMA1,-0.247269956347398,4.2175436139276,4.53883525477797,0.0331341301469941,0.73655709827509
CDK2AP1,0.22208086897267,5.11045629840543,4.53521001333048,0.0332043823061827,0.73655709827509
SMIM10,-0.299080572194461,2.85354867058583,4.53175313323124,0.0332715167700634,0.73655709827509
TNFSF10,0.627575887017567,5.66950406699253,4.53074575117694,0.033291107336057,0.73655709827509
SWI5,-0.271713230987004,3.59156422208221,4.51905875024253,0.0335192673243678,0.740066478974943
MIOS,-0.250777909833429,2.9414850325657,4.50276358894792,0.0338401206818849,0.743914871618467
TTLL5,0.402945644156517,2.06596768392145,4.49826110080016,0.0339293398096097,0.743914871618467
RHOU,0.275544788556338,4.68393264550162,4.49217429916181,0.0340503438846171,0.743914871618467
SPG7,0.238627184990991,4.06402522050818,4.49149030056466,0.0340639697634471,0.743914871618467
KDM7A,0.552471495203301,0.927060588014362,4.49082229423877,0.0340772825620164,0.743914871618467
HERC4,0.185942449665756,5.12452605709198,4.48647221078257,0.0341641091402739,0.743914871618467
ETV7,1.15901855172833,0.728521537945487,4.48553252711569,0.0341828953412357,0.743914871618467
CEP89,-0.309058835149793,2.95939202141476,4.47682229950021,0.0343575454003452,0.746189792143824
SLC46A3,0.231486642777668,4.57188389769453,4.47296082777871,0.0344352705232993,0.746354682095623
NECAP1,-0.208761179133333,3.82036274322556,4.46409210136729,0.0346144802312028,0.746906387933802
NFKB2,0.404322148532132,0.879038709665548,4.46133558479028,0.0346703793821134,0.746906387933802
RTL6,-0.311356477570337,1.9789538670355,4.46129123961937,0.0346712794248542,0.746906387933802
IL7R,0.491679781915399,7.52592871295072,4.45581837850614,0.0347825460150823,0.747789605439406
PIP5K1C,0.210998033625136,4.64198660862702,4.44424680481372,0.0350190342641145,0.751149760842789
NDUFA1,0.17429672897538,8.85320137559306,4.44127662141996,0.0350800066847271,0.751149760842789
ZNF813,-0.324951484953885,1.85648787155224,4.43135152019937,0.0352845575034368,0.751780844460083
PAG1,-0.326979454102182,6.47531794866272,4.42695805266599,0.0353755024258473,0.751780844460083
PPIL1,-0.249878190626597,3.49157109911027,4.41887760846553,0.035543408704461,0.751780844460083
